path	baseline_git_blob	worktree_git_blob	state
public/blank-document.svg	c4368debbdceb08910c03337e011cd34092a3897	47a22e4ada7f7919a5e8e392634d468a8689a383	changed
public/business-letter.svg	ece5d4fb33277358e04ee3bf135e71fdef76abab	49e1da4d9ff307b2db843802e865e1f08f114d57	changed
public/cover-letter.svg	a08d0e55e0ed01cf5adf29621bf1a2089cf55f40	80a4f520a30a75ebc8405fb8854c4c68ce7c9eeb	changed
public/crdt-worker.js	-	a8d504b2316da0fca3c3fac26e2861d0795688a2	new
public/file.svg	004145cddf3f9db91b57b9cb596683c8eb420862	-	removed
public/globe.svg	567f17b0d7c7fb662c16d4357dd74830caf2dccb	-	removed
public/letter.svg	486af61e653cedb5153f6ee2c7cb7a97377a7a12	4c8ae7fca1bd975fb17bbb4911414ab2861a9a44	changed
public/logo.svg	fc001da3e0aa40dd5c8e4dddbbd4a171dff59b3e	d0157b7599546ebb14c1ea05907ab822235256a0	changed
public/next.svg	5174b28c565c285e3e312ec5178be64fbeca8398	-	removed
public/project-proposal.svg	a1278cf83807f6805247902a63d26c4167cb9bda	51df2eae158bf7c87c2d1de1cca532b76d71302a	changed
public/resume.svg	7f6be7bec8ca6663b77dc502d15102a85f419e69	79bd6391f0a0a5b4af38cde0f875b2257b1d0f7d	changed
public/software-proposal.svg	088efd25cc6c2f9f4ec6c2c63a9271a164a68843	4828a8532eb1dc882be1e80c505896b1e3a7059a	changed
public/vercel.svg	77053960334e2e34dc584dea8019925c3b4ccca9	-	removed
public/wasm/concord-crdt.js	-	371a25f18bd74b9dd93ccb209097d0c388116dc9	new
public/wasm/concord-crdt.wasm	-	af02c6a0d8f00f527730e019ff4ca10e401e4f0e	new
public/window.svg	b2b2a44f6ebc70c450043c05a002e7a93ba5d651	-	removed
src/app/(home)/document-menu.tsx	6d10ef183e6d3fa4fffe12eb0829b49cfa33f842	961ebe9065364f0ad91a5ed8f986f60f8ba2b985	changed
src/app/(home)/document-row.tsx	5284c3ce876b26ae4d98469f57a61624fdfc25dc	503dfae26ae03697fe223d8416ca2b640c7496d1	changed
src/app/(home)/documents-table.tsx	c564194419960de13f3f3d07c3f317e48b39b7b9	eb67299893b532efa15a5e51c343ffd6e87c9642	changed
src/app/(home)/documents-view.tsx	-	684bc8c468fa23bfa61f2115ca6ccc4544c48850	new
src/app/(home)/navbar.tsx	3c3c935d0936b2cd368c2ec48ebb45ae05ae1627	3b1621a8dcfcbd5531b511cf782b0e85d27dd76d	changed
src/app/(home)/page.tsx	a5f206572a708d2372cf85540ef85a31cf079a86	426c3d8cbec35c7ed33e47e16b45a0d035bb0ff7	changed
src/app/(home)/search-input.tsx	07bbe6dfd9722f87cacf8ed49a366d69623e92e6	7494a1d25af4b105bcc70f96154a1745d67dbc47	changed
src/app/(home)/templates-gallery.tsx	3f278d78312696b8231637607060199b7ee6178e	477270946338618dd0caff232412cf49abb15a73	changed
src/app/actions/documents.ts	-	e9eb9e57357ae2175f4e6cb92d0400f354e18d9a	new
src/app/api/documents/[documentId]/content/route.ts	-	d5d81b87db821510da52b5cc51190135c169d12d	new
src/app/api/documents/route.ts	-	f46dacce3011ab168a355bf02e26b08385e2085b	new
src/app/api/health/route.ts	-	7f801e9f91de059d08302098d6ded0e66a716bfa	new
src/app/api/liveblocks-auth/route.ts	d4fe90a1faf992bd46ff2f104f72446d802fab78	-	removed
src/app/documents/[documentId]/actions.ts	5c426bf2dcd4a5290d4416f83b7fdf93dabcea27	-	removed
src/app/documents/[documentId]/avatars.tsx	3ffa8078453d212241ab09d9ef2e92f3526d1349	-	removed
src/app/documents/[documentId]/document-input.tsx	fe19d9f2bf4235e375d16c4e07c5b3379c804005	8f3cbf60811d83a7eefe92043ceba85d84342bba	changed
src/app/documents/[documentId]/document.tsx	75b4406c2474db812637caacc8aa4497ad6e15a1	8b01064805d132b9fa6aa6e6586a19945edbab4d	changed
src/app/documents/[documentId]/editor.tsx	ddf51bdc5d7b87d39ab6edaf5ff6c050410111e7	6c2f990f9cbc56be0ab04046d1a366e7d7fa9863	changed
src/app/documents/[documentId]/inbox.tsx	f95e7ae14994553c192637091c7cb825f0f58d10	-	removed
src/app/documents/[documentId]/loading.tsx	b97b9b206e413d4ef54a65861c83860436b09778	b97b9b206e413d4ef54a65861c83860436b09778	identical
src/app/documents/[documentId]/navbar.tsx	c280d0b8b6d59452fec178764f73092638da383d	aad5054fc4663eb9a48d003f9d48209662d82344	changed
src/app/documents/[documentId]/not-found.tsx	-	fd0e39fce4f47670a4e972893cdc18dedb5dd25e	new
src/app/documents/[documentId]/page.tsx	4d254d35787e4ce41b9a76c189c94cb8bae6be11	ab3675c134c7ba34155fdd74d90ca88d305635cd	changed
src/app/documents/[documentId]/room.tsx	5e8e1a090ea2da20da36de0f14fe893a677df8be	-	removed
src/app/documents/[documentId]/ruler.tsx	30b33a68bc454806adc665cd32da68e9820adfb0	7097ecb6181a60a7ed88686197fd08e49d57b757	changed
src/app/documents/[documentId]/threads.tsx	8f43705959c042b81c10abf08b553a0debd980ab	-	removed
src/app/documents/[documentId]/toolbar.tsx	f5748a40218d637d29fdf09a2bb6ae7b7afc378c	48a5e01213171142e30a9c9c4fa58841cdc0350b	changed
src/app/documents/page.tsx	6db2480fba9bd1237e58649cff5ea94a763a9217	-	removed
src/app/error.tsx	33defeda50a8315fd3360cb4b0cf0d5e339bfb8a	5ef661f54097a21ceb8066bcd170c4667f5f6d76	changed
src/app/favicon.ico	718d6fea4835ec2d246af9800eddb7ffb276240c	-	removed
src/app/fonts/GeistMonoVF.woff	f2ae185cbfd16946a534d819e9eb03924abbcc49	-	removed
src/app/fonts/GeistVF.woff	1b62daacff96dad6584e71cd962051b82957c313	-	removed
src/app/globals.css	a30cf537bf684dad0087612fbe474b2102637189	63afcfbf3f92264f292c6f04e9824c310831c76c	changed
src/app/icon.svg	-	d0157b7599546ebb14c1ea05907ab822235256a0	new
src/app/layout.tsx	213016df4f6b8b1b10e10ed05cde6f4a3fee5e7c	3a1b3980b017a0bb2ed455453742278c085a231a	changed
src/app/not-found.tsx	-	e84186cb5c75834ce5b34c6ca7fe5af09d929955	new
src/components/clerk-client-provider.tsx	-	6569ff8b21ba4d6b40df4684eea58f5b8cff9e9d	new
src/components/collaborative-mode-indicator.tsx	-	f23b41fe0e80dfd02350c4121a2c4b8cbe6a9fc8	new
src/components/convex-client-provider.tsx	0510942ccd65de654e4ccb8928fc7a589a2b4c50	-	removed
src/components/fullscreen-loader.tsx	1b7bb8721689d7e78a74d239700a4861ba303b14	6c7444b010fd58885739c1b841eaedcf94b183ab	changed
src/components/remove-dialog.tsx	ad5f565350003267a24f16d30c81e436c1f9573e	be4683618ef8e63ce8202ea1bffb3790d5451cc6	changed
src/components/rename-dialog.tsx	3ccb2aaf05d02de2b69fff4935638e24b4b2c1ba	20c485cbc160480fa36248017df20f0d85cb3fd7	changed
src/components/save-status-indicator.tsx	-	5f1149eea4db91626ab7318f9df723140ab22db8	new
src/components/ui/accordion.tsx	2f55a32f4d374342e6aa22e0fee985e9e60c1a3c	-	removed
src/components/ui/alert-dialog.tsx	57760f2ee48c8b165fe72fee64542d3d90eec97d	57760f2ee48c8b165fe72fee64542d3d90eec97d	identical
src/components/ui/alert.tsx	5afd41d142c95c74069ebb5460117e74ead3b9df	-	removed
src/components/ui/aspect-ratio.tsx	d6a5226f5e9cc09a2bd1ccbce465524e41f04345	-	removed
src/components/ui/avatar.tsx	51e507ba9d08bcdbb1fb630498f1cbdf2bf50093	-	removed
src/components/ui/badge.tsx	e87d62bf1a2b2a0e1cf0b0dc94c2836525f40b67	-	removed
src/components/ui/breadcrumb.tsx	60e6c96f72f0350d08b47e4730cab8f3975dc853	-	removed
src/components/ui/button.tsx	65d4fcd9ca74240125c5f72cf84c873781141fea	65d4fcd9ca74240125c5f72cf84c873781141fea	identical
src/components/ui/calendar.tsx	bc8941091d81a5f425cc80aa8e976bb520e56786	-	removed
src/components/ui/card.tsx	cabfbfc59d955db9efc2049783cad4a71db55442	-	removed
src/components/ui/carousel.tsx	ec505d00d95ecdbbc1501d1bfa7020e51d6010a7	7883f533292847d91378975f04c24f41758a939f	changed
src/components/ui/chart.tsx	32dc873f363cb707ab3cd8d37e14e03771f095d2	-	removed
src/components/ui/checkbox.tsx	c6fdd071b5d4133824ae4d805a3034132830a1b2	-	removed
src/components/ui/collapsible.tsx	9fa48946afd1eb56bd932377fd888e3986304676	-	removed
src/components/ui/command.tsx	2cecd9104b27be82d238aa2f1cbb351e05446af7	-	removed
src/components/ui/context-menu.tsx	f7257a6debca6874f15cfb9f30f9422396029e85	-	removed
src/components/ui/dialog.tsx	1647513eced8f9e788c0e8b63c99654d3a542a9c	1647513eced8f9e788c0e8b63c99654d3a542a9c	identical
src/components/ui/drawer.tsx	6a0ef53dde8991d3adeadd791cd262808aaf9ac0	-	removed
src/components/ui/dropdown-menu.tsx	082639fb59551c8354fb8e8bab136b75c116020c	082639fb59551c8354fb8e8bab136b75c116020c	identical
src/components/ui/form.tsx	b6daa654a177fa31b3d84e1af645ba874fc43762	-	removed
src/components/ui/hover-card.tsx	e54d91cf81f48462887825698166393764c4251f	-	removed
src/components/ui/input-otp.tsx	eb2a1baea86131ee3101b11b6334a95f3f06dfdc	-	removed
src/components/ui/input.tsx	69b64fb2455114c3eeda2d18741af0027b3c5e89	69b64fb2455114c3eeda2d18741af0027b3c5e89	identical
src/components/ui/label.tsx	534182176bf87f9308355514adc884d2b69750a5	-	removed
src/components/ui/menubar.tsx	126091b30a5a952199b61472b26f9e6e20091ca6	126091b30a5a952199b61472b26f9e6e20091ca6	identical
src/components/ui/navigation-menu.tsx	a5d4d27d3463c43c6fa5c5cd025debf35b370fd9	-	removed
src/components/ui/pagination.tsx	d3311054cd07a90d130f7996c79b3fc0feeede39	-	removed
src/components/ui/popover.tsx	29c7bd2a443213fffbb4038587997ad01b205383	-	removed
src/components/ui/progress.tsx	4fc3b473e6f51afa972f840fb0f4476f8663c256	-	removed
src/components/ui/radio-group.tsx	0bdf6853fccc6ba250ce89d78a4f5b72b7347279	-	removed
src/components/ui/resizable.tsx	f4bc5586b67f45d3cc35f228e8bac2e4bc2cea16	-	removed
src/components/ui/scroll-area.tsx	0b4a48d87fabda1c6e9612172abb56a78e26c14f	-	removed
src/components/ui/select.tsx	0cbf77d15a58d50d81e3976596064cdfb61337b1	-	removed
src/components/ui/separator.tsx	12d81c4a853472948b6dd2e85eff99b5d12fe60b	12d81c4a853472948b6dd2e85eff99b5d12fe60b	identical
src/components/ui/sheet.tsx	272cb721eb48b7a5833ccd51f940a8830d85b64e	-	removed
src/components/ui/sidebar.tsx	eeb2d7aebcf77d22605587c4055cde9cd351b5ef	-	removed
src/components/ui/skeleton.tsx	d7e45f7bd315f86eabf32f2c9425223417920e60	-	removed
src/components/ui/slider.tsx	ab19d576f0013b65004f5f5f39e0bfad584a08fa	-	removed
src/components/ui/sonner.tsx	452f4d9f0dde88611113632c1d759d60155fe4d3	452f4d9f0dde88611113632c1d759d60155fe4d3	identical
src/components/ui/switch.tsx	5f4117f0f242bc03d8372e6380389bb4bf88cb79	-	removed
src/components/ui/table.tsx	c0df655c0bf26af1148d038e1d013e884663b240	c0df655c0bf26af1148d038e1d013e884663b240	identical
src/components/ui/tabs.tsx	0f4caebb1170ec24e5acab012544ccedb09b15a2	-	removed
src/components/ui/textarea.tsx	e56b0affd7e03bd8359092a81d81c606ab09972d	-	removed
src/components/ui/toast.tsx	40ac9ddb7d514986f33383dd42c206ab1d4f1b8b	-	removed
src/components/ui/toaster.tsx	171beb46d9c020c1be1ee9cb260b816d0bc2c1dd	-	removed
src/components/ui/toggle-group.tsx	1c876bbeecabe59b684719afe58e684f34cdecbf	-	removed
src/components/ui/toggle.tsx	db35d78be41228d233334289527c20d09f5a4c54	-	removed
src/components/ui/tooltip.tsx	a66b3f22019c44e790760ecd218c288eac2af7eb	-	removed
src/constants/margins.ts	f0652932698675e026716855b99a9aa692e5b05d	f0652932698675e026716855b99a9aa692e5b05d	identical
src/constants/templates.ts	17bb13c147e4c14ba1c30e228043aa08132065c5	51d70c8fc9190e44383b8c2e253b49d25b35fcb3	changed
src/extensions/font-size.ts	691fe9b10a1e6910c1bb5454453de395eb004e6d	691fe9b10a1e6910c1bb5454453de395eb004e6d	identical
src/extensions/line-height.ts	8ee0a7cb08e52376ce96b3e5e85ce06ae4e86fce	8ee0a7cb08e52376ce96b3e5e85ce06ae4e86fce	identical
src/hooks/use-debounce.ts	bfe046f5512555544462c11073417f42f4ae99c7	3c871fda94dea014d378cc0169be110dd72b7a53	changed
src/hooks/use-mobile.tsx	2b0fe1dfef3b17850bbac040665f514a8ffd0f15	-	removed
src/hooks/use-search-param.ts	ac2c6a574d98c5336babba4e10bbfdf5daf8cdbd	ac2c6a574d98c5336babba4e10bbfdf5daf8cdbd	identical
src/hooks/use-toast.ts	a8b931a08236dbe5e2e8e712c8e754f643a28169	-	removed
src/lib/collaboration/connection-status.ts	-	a1438b185fa33b79f66cbff341dc9beebfac373a	new
src/lib/collaboration/content.ts	-	5176d539d5d96454d1aa27d51d59a9d990f1aaab	new
src/lib/collaboration/provider.tsx	-	39143f2eb3f98a7b40c9eae6f23b8777b737f7a0	new
src/lib/collaboration/save-status.ts	-	78d293a95f3e60067c5afc98e1a18df4f2883d3c	new
src/lib/collaboration/types.ts	-	cfd941af15812a289dd5177d704053e700950198	new
src/lib/crdt/adapter.ts	-	869d747c88e60a0f7869f51c9a723cc2aba904de	new
src/lib/crdt/editor-bridge.ts	-	324e0a8b515d82e125d393c858204487f8e9e72c	new
src/lib/crdt/pm-model.ts	-	eecb92dfb6fcc041d51a39b7b3e72773b18a2c86	new
src/lib/crdt/runtime.ts	-	e0bf88dd9f494f5839e1bf1f4cfad9b39c9ff2d2	new
src/lib/crdt/wasm-types.ts	-	e665bc5787f7d8bcfc40c7b4410725481474ab12	new
src/lib/crdt/worker/client.ts	-	20e32c3e1a3209b6ed9e792050b9712cd1476151	new
src/lib/crdt/worker/core.ts	-	bc6128c82fb2ae14657bda2a031bead0aed77770	new
src/lib/crdt/worker/crdt-worker.ts	-	c70c1b1fa2551d6ba09f9ed67605ee077021bba8	new
src/lib/crdt/worker/idb.ts	-	c217609aed50e2c5f7980d6866c0f2897e70679c	new
src/lib/crdt/worker/protocol.ts	-	3f2c8f9d11144aedf5ec55832d8c6cbe2b69be12	new
src/lib/sync/identities.ts	-	ec49d4b4daa8cc33056ddbb2677cb2317ac73dfa	new
src/lib/sync/pending-store.ts	-	619b76bfc0504c5893c9761920116accd0f7b7a9	new
src/lib/sync/protocol.ts	-	62dba37a01aae68368aa7805319e0db8844c1f9e	new
src/lib/sync/snapshot-resync.ts	-	ddb9c5c96a7fe1fb176e346889e77badc21a6bc9	new
src/lib/sync/sync-session.ts	-	c1066a8b2b426d50d4244c4fc9d1a93de0428f90	new
src/lib/sync/transport.ts	-	3d414c3f67db6adc726be36434a0317e82c4d7f3	new
src/lib/sync/use-sync-session.ts	-	12dd4787264a621e5c4d6f4bc1955f8ded998084	new
src/lib/sync/worker-engine-port.ts	-	f0432034f8c0ebdf79d669d950211eec9bc577a7	new
src/lib/utils.ts	bd0c391ddd1088e9067844c48835bf4abcd61783	bd0c391ddd1088e9067844c48835bf4abcd61783	identical
src/middleware.ts	813dd08f480b54dfd2af5813e52d701d083dd10b	-	removed
src/proxy.ts	-	813dd08f480b54dfd2af5813e52d701d083dd10b	new
src/server/auth/actor-context.ts	-	a609b878ea73d03ee739259c0ca4999448e8a4ce	new
src/server/auth/authorization.ts	-	4b818a94b2e16c72c06aafc6d7d88c529c233631	new
src/server/db/client.ts	-	b9b2655c3fd32e5438b1081fc3f4b454cbb068dd	new
src/server/db/schema.ts	-	761f682785da1548f69f8dd1dec14b746faccc02	new
src/server/env.ts	-	1dd7db41e9c175638e088f0bfe889063dfe6a0e3	new
src/server/errors.ts	-	2e70e82e489df61f68b2ee93ccd1652e4f7077ae	new
src/server/repositories/audit.ts	-	adbe7c2b866c69633abc223c9c92dc99992d92bc	new
src/server/repositories/documents.ts	-	5fa6a84c92b41bfa275b3238ae413544fe0a49fa	new
src/server/repositories/organizations.ts	-	12a33a93930c8d9ab7d58e6b6ea44fc80a743d95	new
src/server/repositories/permissions.ts	-	368e9982a57d0b5abf2ce455924c88aac5cc541a	new
src/server/repositories/users.ts	-	078e2ef254b2ef54342d47521559bde1df1804d2	new
src/server/result.ts	-	cc81cb577966fec30330d7e7435313c2194fc61d	new
src/server/services/documents.ts	-	6b9502bc0d248f1f624ac3abef91ef4f66ecd1d0	new
src/server/services/permissions.ts	-	88fde4d33eae27f2daa21a1fd914ceeaa60eba30	new
src/store/use-bridge-status-store.ts	-	f3f1cd080605d42780f283efd1b6e3d451c0d8f3	new
src/store/use-editor-store.ts	326ad8494b69970e05d68299e2e4cd9af0cf75a3	326ad8494b69970e05d68299e2e4cd9af0cf75a3	identical
src/store/use-sync-status-store.ts	-	dac5c659820e91c081f07f2413fde0d02a9c44b7	new
