workload,engine,metric,unit,runs,samples,p50,p95,min,max
append,concord,renderMs,ms,3,120,32.79999999701977,34.400000005960464,26.5,34.70000000298023
append,concord,localDurableMs,ms,3,120,18.099999994039536,19.80000001192093,14.700000002980232,28.900000005960464
append,concord,acknowledgementMs,ms,3,120,23.69999998807907,27.200000002980232,17.700000002980232,35.20000000298023
append,concord,reloadRecoveryMs,ms,3,3,208.29920800001128,210.94050000002608,192.14637500001118,210.94050000002608
append,concord,browserHeapBytes,bytes,3,3,10714561,10801528,10712773,10801528
append,concord,localPayloadBytes,bytes,3,3,200416,200416,200416,200416
append,concord,durablePayloadBytes,bytes,3,3,108724,108724,108724,108724
append,concord,snapshotBytes,bytes,3,3,121165,121165,121165,121165
append,yjs,renderMs,ms,3,120,32.099999994039536,33.20000000298023,21,34.29999999701977
append,yjs,localDurableMs,ms,3,120,16.700000002980232,18.700000002980232,7.5,20.599999994039536
append,yjs,acknowledgementMs,ms,3,120,24.399999991059303,28.5,13.099999994039536,47.29999999701977
append,yjs,reloadRecoveryMs,ms,3,3,159.93620799999917,160.47066600003745,158.50504100008402,160.47066600003745
append,yjs,browserHeapBytes,bytes,3,3,8415084,8417919,8415036,8417919
append,yjs,localPayloadBytes,bytes,3,3,5802,5802,5802,5802
append,yjs,durablePayloadBytes,bytes,3,3,3229,3229,3229,3229
append,yjs,snapshotBytes,bytes,3,3,2141,2141,2141,2141
middle,concord,renderMs,ms,3,120,32.70000000298023,34.3999999910593,24.200000002980232,34.79999999701977
middle,concord,localDurableMs,ms,3,120,7.0999999940395355,9.200000002980232,5.799999997019768,15.099999994039536
middle,concord,acknowledgementMs,ms,3,120,11.5,17.599999994039536,9,31.299999997019768
middle,concord,reloadRecoveryMs,ms,3,3,190.032125000027,207.90808300001663,190.00933300005272,207.90808300001663
middle,concord,browserHeapBytes,bytes,3,3,11307423,11309258,11306387,11309258
middle,concord,localPayloadBytes,bytes,3,3,201696,201696,201696,201696
middle,concord,durablePayloadBytes,bytes,3,3,109364,109364,109364,109364
middle,concord,snapshotBytes,bytes,3,3,121805,121805,121805,121805
middle,yjs,renderMs,ms,3,120,32.29999999701977,33.900000005960464,3.1000000089406967,35.5
middle,yjs,localDurableMs,ms,3,120,1.1000000089406967,1.7999999970197678,0.5999999940395355,3.2999999970197678
middle,yjs,acknowledgementMs,ms,3,120,7.9000000059604645,9.799999997019768,4.5,16.799999997019768
middle,yjs,reloadRecoveryMs,ms,3,3,156.78691700001946,158.53670799999963,155.74145799997495,158.53670799999963
middle,yjs,browserHeapBytes,bytes,3,3,9020089,9021456,9017046,9021456
middle,yjs,localPayloadBytes,bytes,3,3,6280,6280,6034,6280
middle,yjs,durablePayloadBytes,bytes,3,3,3468,3468,3345,3468
middle,yjs,snapshotBytes,bytes,3,3,2163,2163,2157,2163
paste,concord,renderMs,ms,3,12,9.299999997019768,29.400000005960464,4.799999997019768,29.400000005960464
paste,concord,localDurableMs,ms,3,12,1314.5,2315.4000000059605,624.2000000029802,2315.4000000059605
paste,concord,acknowledgementMs,ms,3,12,1336.9000000059605,2336.0999999940395,641.4000000059605,2336.0999999940395
paste,concord,reloadRecoveryMs,ms,3,3,374.5703330000397,392.14320799999405,373.72816699999385,392.14320799999405
paste,concord,browserHeapBytes,bytes,3,3,16544871,16545554,16543735,16545554
paste,concord,localPayloadBytes,bytes,3,3,1818592,1818592,1818592,1818592
paste,concord,durablePayloadBytes,bytes,3,3,985092,985092,985092,985092
paste,concord,snapshotBytes,bytes,3,3,1098813,1098813,1098813,1098813
paste,yjs,renderMs,ms,3,12,25.599999994039536,33.20000000298023,3.7999999970197678,33.20000000298023
paste,yjs,localDurableMs,ms,3,12,1.2000000029802322,4.9000000059604645,1,4.9000000059604645
paste,yjs,acknowledgementMs,ms,3,12,6.100000008940697,10.5,4.5,10.5
paste,yjs,reloadRecoveryMs,ms,3,3,157.30000000001746,157.52062500000466,156.41983300005086,157.52062500000466
paste,yjs,browserHeapBytes,bytes,3,3,8794668,8875464,8787977,8875464
paste,yjs,localPayloadBytes,bytes,3,3,38154,38154,38154,38154
paste,yjs,durablePayloadBytes,bytes,3,3,19117,19117,19117,19117
paste,yjs,snapshotBytes,bytes,3,3,18998,18998,18998,18998
delete,concord,renderMs,ms,3,120,32.70000000298023,34.29999999701977,13.5,34.79999999701977
delete,concord,localDurableMs,ms,3,120,7.199999988079071,9.5,6,23.200000002980232
delete,concord,acknowledgementMs,ms,3,120,11.300000011920929,16.5,8.799999997019768,30.30000001192093
delete,concord,reloadRecoveryMs,ms,3,3,208.5585420000134,208.7221669999999,208.41924999997718,208.7221669999999
delete,concord,browserHeapBytes,bytes,3,3,11297705,11318847,11294291,11318847
delete,concord,localPayloadBytes,bytes,3,3,203296,203296,203296,203296
delete,concord,durablePayloadBytes,bytes,3,3,110324,110324,110324,110324
delete,concord,snapshotBytes,bytes,3,3,120125,120125,120125,120125
delete,yjs,renderMs,ms,3,120,32.29999999701977,34,28.900000005960464,34.6000000089407
delete,yjs,localDurableMs,ms,3,120,1,1.6000000089406967,0.5,10.299999997019768
delete,yjs,acknowledgementMs,ms,3,120,7.0999999940395355,9.099999994039536,3,26.100000008940697
delete,yjs,reloadRecoveryMs,ms,3,3,157.41841700003715,158.30654200003482,156.44037499997648,158.30654200003482
delete,yjs,browserHeapBytes,bytes,3,3,8991133,8991157,8990801,8991157
delete,yjs,localPayloadBytes,bytes,3,3,5010,5010,4924,5010
delete,yjs,durablePayloadBytes,bytes,3,3,2833,2833,2790,2833
delete,yjs,snapshotBytes,bytes,3,3,2045,2045,2039,2045
format,concord,renderMs,ms,3,120,32.6000000089407,34.20000000298023,8.799999997019768,34.79999999701977
format,concord,localDurableMs,ms,3,120,8.099999994039536,10.899999991059303,6.700000002980232,44.29999999701977
format,concord,acknowledgementMs,ms,3,120,13.100000008940697,21.200000002980232,10,57.400000005960464
format,concord,reloadRecoveryMs,ms,3,3,207.927834000031,212.17116699996404,207.68862499998068,212.17116699996404
format,concord,browserHeapBytes,bytes,3,3,11426235,11428398,11425887,11428398
format,concord,localPayloadBytes,bytes,3,3,235872,235872,235872,235872
format,concord,durablePayloadBytes,bytes,3,3,127572,127572,127572,127572
format,concord,snapshotBytes,bytes,3,3,126461,126461,126461,126461
format,yjs,renderMs,ms,3,120,32.20000000298023,33.6000000089407,3.9000000059604645,34.599999994039536
format,yjs,localDurableMs,ms,3,120,1.2999999970197678,2.5,0.7000000029802322,4.200000002980232
format,yjs,acknowledgementMs,ms,3,120,7.0999999940395355,9.299999997019768,4.399999991059303,16.299999997019768
format,yjs,reloadRecoveryMs,ms,3,3,156.5008749999979,156.77029199997196,156.21287499996834,156.77029199997196
format,yjs,browserHeapBytes,bytes,3,3,9314137,9315168,9311466,9315168
format,yjs,localPayloadBytes,bytes,3,3,7294,7294,7294,7294
format,yjs,durablePayloadBytes,bytes,3,3,3975,3975,3975,3975
format,yjs,snapshotBytes,bytes,3,3,3072,3072,3072,3072
contested,concord,renderMs,ms,3,480,27.299999997019768,32.5,2.1000000089406967,37.70000000298023
contested,concord,localDurableMs,ms,3,480,20.799999997019768,30.200000002980232,8.900000005960464,54.099999994039536
contested,concord,acknowledgementMs,ms,3,480,32.900000005960464,62.20000000298023,11.299999997019768,187.20000000298023
contested,concord,reloadRecoveryMs,ms,3,3,245.00983300001826,245.62783300003503,244.30749999999534,245.62783300003503
contested,concord,browserHeapBytes,bytes,3,3,24422377,24431461,24345313,24431461
contested,concord,localPayloadBytes,bytes,3,3,628672,628672,628672,628672
contested,concord,durablePayloadBytes,bytes,3,3,169684,169684,169684,169684
contested,concord,snapshotBytes,bytes,3,3,186973,186973,186973,186973
contested,yjs,renderMs,ms,3,480,32.6000000089407,33.79999999701977,2.7000000029802322,34.400000005960464
contested,yjs,localDurableMs,ms,3,480,0.6000000089406967,1.2000000029802322,0.29999999701976776,4.100000008940697
contested,yjs,acknowledgementMs,ms,3,480,3.2999999970197678,5.899999991059303,2.2999999970197678,14.900000005960464
contested,yjs,reloadRecoveryMs,ms,3,3,157.91058300004806,158.87133299998823,157.52416700002505,158.87133299998823
contested,yjs,browserHeapBytes,bytes,3,3,19433975,19436871,19432436,19436871
contested,yjs,localPayloadBytes,bytes,3,3,28068,28076,27724,28076
contested,yjs,durablePayloadBytes,bytes,3,3,8305,8307,8219,8307
contested,yjs,snapshotBytes,bytes,3,3,6347,6366,6305,6366
independent,concord,renderMs,ms,3,960,31.799999997019768,33,1.2999999970197678,33.79999999701977
independent,concord,localDurableMs,ms,3,960,9.200000002980232,14.5,6.299999997019768,51.5
independent,concord,acknowledgementMs,ms,3,960,18,37.599999994039536,8.700000002980232,104.19999998807907
independent,concord,reloadRecoveryMs,ms,3,3,215.23841700004414,217.5947500000184,208.5030829999596,217.5947500000184
independent,concord,browserHeapBytes,bytes,3,3,45791575,45805887,45775176,45805887
independent,concord,localPayloadBytes,bytes,3,3,801664,801664,801664,801664
independent,concord,durablePayloadBytes,bytes,3,3,869792,869792,869792,869792
independent,concord,snapshotBytes,bytes,3,3,121165,121165,121165,121165
independent,yjs,renderMs,ms,3,960,32.69999998807907,33.29999999701977,8,34.5
independent,yjs,localDurableMs,ms,3,960,0.699999988079071,1.2999999970197678,0.29999999701976776,15.799999997019768
independent,yjs,acknowledgementMs,ms,3,960,3.800000011920929,13.900000005960464,2.2999999970197678,31.799999997019768
independent,yjs,reloadRecoveryMs,ms,3,3,158.49741599999834,160.00854099998833,157.5405000000028,160.00854099998833
independent,yjs,browserHeapBytes,bytes,3,3,37750281,37753896,37749897,37753896
independent,yjs,localPayloadBytes,bytes,3,3,23208,23208,23125,23208
independent,yjs,durablePayloadBytes,bytes,3,3,25832,25832,25749,25832
independent,yjs,snapshotBytes,bytes,3,3,2141,2141,2141,2141
offline,concord,renderMs,ms,3,750,32.79999999701977,34.1000000089407,12.5,35.599999994039536
offline,concord,localDurableMs,ms,3,750,26.799999997019768,29.5,25.200000002980232,50.400000005960464
offline,concord,reloadRecoveryMs,ms,3,3,498.6493330000667,510.5896669999929,480.9719579999801,510.5896669999929
offline,concord,reconnectMs,ms,3,3,5216.037125000032,5385.742666999926,5210.503708000004,5385.742666999926
offline,concord,browserHeapBytes,bytes,3,3,12848023,12925571,12840118,12925571
offline,concord,localPayloadBytes,bytes,3,3,987712,987712,987712,987712
offline,concord,durablePayloadBytes,bytes,3,3,536020,536020,536020,536020
offline,concord,snapshotBytes,bytes,3,3,596839,596839,596839,596839
offline,yjs,renderMs,ms,3,750,32.5,34.1000000089407,1.5,35.3999999910593
offline,yjs,localDurableMs,ms,3,750,0.9000000059604645,1.2999999970197678,0.3999999910593033,40.5
offline,yjs,reloadRecoveryMs,ms,3,3,164.64266700000735,165.28679199994076,163.24475000001257,165.28679199994076
offline,yjs,reconnectMs,ms,3,3,564.1863330000197,569.6723340000026,544.7969169999706,569.6723340000026
offline,yjs,browserHeapBytes,bytes,3,3,7979630,8121606,7979601,8121606
offline,yjs,localPayloadBytes,bytes,3,3,25546,25641,25526,25641
offline,yjs,durablePayloadBytes,bytes,3,3,17126,17126,17125,17126
offline,yjs,snapshotBytes,bytes,3,3,10368,10368,10367,10368
